time,arrivals,departures,queue_length,server_busy
0.0,0,0,0,False
2.4042086039659947,1,0,0,True
3.9616683745156305,1,1,0,False
4.78896960384025,2,1,0,True
4.875407003538626,3,1,1,True
4.975499130407972,3,2,0,True
5.915472926579687,3,3,0,False
6.328067519244777,4,3,0,True
6.407361716428286,5,3,1,True
7.453922562971451,6,3,2,True
7.52435886976926,7,3,3,True
8.410931490277775,7,4,2,True
8.61338249779322,8,4,3,True
9.00027732238313,9,4,4,True
9.565149725533647,9,5,3,True
9.667665228084465,9,6,2,True
9.728716739677926,9,7,1,True
9.938836207766188,9,8,0,True
10.231862985044703,10,8,1,True
10.539635724679627,10,9,0,True
10.644848314783193,11,9,1,True
10.868424686995514,12,9,2,True
11.371226357888709,12,10,1,True
12.189283600031548,12,11,0,True
12.626481036006881,12,12,0,False
12.706394951139977,13,12,0,True
12.984452755347855,13,13,0,False
13.159714640438242,14,13,0,True
13.211099405142011,14,14,0,False
13.339346894812795,15,14,0,True
13.728027130972617,16,14,1,True
13.796227195882295,16,15,0,True
14.268554280826379,16,16,0,False
14.992233988537723,17,16,0,True
15.150853958069733,17,17,0,False
15.453322324795195,18,17,0,True
15.797155686232989,19,17,1,True
15.881026816255538,19,18,0,True
16.1190669071393,20,18,1,True
16.416014116068098,21,18,2,True
16.466969937717234,21,19,1,True
17.394212595214505,21,20,0,True
17.749716541099982,22,20,1,True
17.82274488908042,23,20,2,True
18.1169345471913,23,21,1,True
18.956812390803172,24,21,2,True
19.019826539101413,24,22,1,True
19.20652595259236,24,23,0,True
19.42048341328305,24,24,0,False
20.0788520422606,25,24,0,True
20.18934264712833,25,25,0,False
20.43321555495206,26,25,0,True
20.44730872589192,26,26,0,False
20.600571951067774,27,26,0,True
21.477276514099213,27,27,0,False
24.596328222252613,28,27,0,True
24.88036792385344,29,27,1,True
24.972020283845037,29,28,0,True
25.212915099134978,29,29,0,False
25.278124177760677,30,29,0,True
25.364546579909746,30,30,0,False
26.36144931263229,31,30,0,True
27.278681881643916,31,31,0,False
27.869258443275097,32,31,0,True
29.975918678051862,33,31,1,True
31.409180307114948,33,32,0,True
31.620784518547445,34,32,1,True
32.10484129509935,34,33,0,True
32.13447699928058,34,34,0,False
32.213308717508234,35,34,0,True
32.83469180500118,36,34,1,True
32.8510439087217,36,35,0,True
34.203044962825864,36,36,0,False
34.342653180110766,37,36,0,True
34.392403901314495,38,36,1,True
34.564032389908945,38,37,0,True
35.31722613643727,39,37,1,True
36.138297733045725,40,37,2,True
36.266311989771644,40,38,1,True
36.7683218199982,40,39,0,True
37.6443178517608,40,40,0,False
38.2692406188901,41,40,0,True
38.40365786972879,42,40,1,True
38.461762615345975,42,41,0,True
38.5402174940627,42,42,0,False
38.54613870246908,43,42,0,True
38.58258744841143,43,43,0,False
40.26273189396356,44,43,0,True
40.56180855980818,44,44,0,False
40.64886315662866,45,44,0,True
40.83613061209683,46,44,1,True
41.27216937968955,46,45,0,True
42.13347340598318,46,46,0,False
42.75442305394848,47,46,0,True
42.955014868320916,48,46,1,True
42.97391785128228,48,47,0,True
43.17713843115346,48,48,0,False
43.48603447758946,49,48,0,True
43.5365269435177,49,49,0,False
43.98959427604158,50,49,0,True
44.998444213401925,51,49,1,True
45.49084665250899,51,50,0,True
46.85513486926442,51,51,0,False
48.08085543901409,52,51,0,True
48.826116838241816,52,52,0,False
49.931455834113926,53,52,0,True
50.416076289825185,53,53,0,False
50.999305090114895,54,53,0,True
51.21835922186039,55,53,1,True
51.252784347551525,55,54,0,True
51.3463196555317,55,55,0,False
53.36327660578353,56,55,0,True
53.48854260245719,56,56,0,False
53.67351834335922,57,56,0,True
54.08735741937969,58,56,1,True
54.318517930141724,58,57,0,True
54.77184035469465,59,57,1,True
55.758370530758214,59,58,0,True
56.31356059072892,60,58,1,True
56.484510521187545,61,58,2,True
56.539201857683345,61,59,1,True
56.84218741208327,61,60,0,True
56.92469647667913,61,61,0,False
57.673931457880514,62,61,0,True
57.744488894071836,63,61,1,True
57.94021526991851,63,62,0,True
58.587999884242656,63,63,0,False
58.6595740441928,64,63,0,True
58.70541546121891,65,63,1,True
58.8557741170628,65,64,0,True
59.394306890085325,65,65,0,False
61.43472590820945,66,65,0,True
61.78752079432033,67,65,1,True
62.42677443473654,67,66,0,True
63.46392165761836,68,66,1,True
63.52095537448061,68,67,0,True
63.55705383697958,69,67,1,True
64.23065001509522,70,67,2,True
65.6284084383654,71,67,3,True
65.87210739002658,72,67,4,True
66.85592873641977,73,67,5,True
67.14201515582599,73,68,4,True
67.14217172506642,74,68,5,True
67.60524727714872,75,68,6,True
68.21797844745446,75,69,5,True
68.38434446476133,76,69,6,True
68.57002549639829,76,70,5,True
68.88489278840156,76,71,4,True
69.13785451595196,77,71,5,True
69.16657602741857,78,71,6,True
69.29355541244949,78,72,5,True
70.75408500791856,79,72,6,True
70.96665433800831,79,73,5,True
71.33504454064966,80,73,6,True
71.50313103677742,81,73,7,True
73.23604720247063,81,74,6,True
73.47895015868652,81,75,5,True
73.92472233211464,81,76,4,True
74.28777864571403,82,76,5,True
74.41470357864432,83,76,6,True
74.60568853872562,84,76,7,True
75.54938519328222,84,77,6,True
75.94821719217691,85,77,7,True
76.20430447428276,85,78,6,True
76.23618603192284,86,78,7,True
76.49987666974157,86,79,6,True
76.98603708263492,87,79,7,True
77.344357482996,88,79,8,True
77.7663802575186,88,80,7,True
78.00250373780997,88,81,6,True
78.1094223372212,89,81,7,True
78.20538274671122,89,82,6,True
78.57643810522012,89,83,5,True
79.46938828419354,89,84,4,True
79.67119000270873,89,85,3,True
79.79521339871614,89,86,2,True
80.24296453178934,90,86,3,True
80.55681861284211,90,87,2,True
81.19074290941033,90,88,1,True
81.66041799793773,91,88,2,True
81.98231065143166,91,89,1,True
82.67927042330905,92,89,2,True
82.7102812854264,92,90,1,True
84.59259398525538,92,91,0,True
84.93395302480383,93,91,1,True
85.02469796230602,94,91,2,True
85.03416554563024,94,92,1,True
85.59829460301785,94,93,0,True
86.42843226740395,95,93,1,True
87.22527232775924,95,94,0,True
87.31878541104145,95,95,0,False
87.47290565337975,96,95,0,True
88.04535036281708,97,95,1,True
88.1604865022466,98,95,2,True
88.17237724191581,98,96,1,True
88.43433661237322,99,96,2,True
88.8372638719901,100,96,3,True
89.09535474488378,101,96,4,True
89.53946072068527,102,96,5,True
90.48973697071261,102,97,4,True
91.21562775509445,102,98,3,True
91.34743114802512,102,99,2,True
91.35285076324715,102,100,1,True
91.60681509550518,103,100,2,True
91.64486644029247,103,101,1,True
91.75744204630371,104,101,2,True
91.86403024250049,105,101,3,True
92.54827283271088,106,101,4,True
93.02317449495803,106,102,3,True
93.5658003000827,107,102,4,True
93.85627845647116,108,102,5,True
94.93651142419591,108,103,4,True
95.44562433887072,108,104,3,True
95.59205835618405,109,104,4,True
95.95018842416083,110,104,5,True
96.28295741350507,111,104,6,True
96.5357304390104,112,104,7,True
96.59897103357257,112,105,6,True
97.03205544030274,112,106,5,True
97.57962726092093,113,106,6,True
97.6094416486128,113,107,5,True
98.37882660660884,113,108,4,True
98.86245563580621,114,108,5,True
99.07569213103858,114,109,4,True
99.09865001333556,114,110,3,True
100.10194324925976,114,111,2,True
100.26120327554872,115,111,3,True
100.6998664186732,116,111,4,True
100.93959377540283,117,111,5,True
100.968884100342,117,112,4,True
101.65020819106255,118,112,5,True
101.97613625462482,119,112,6,True
102.31934793110109,119,113,5,True
103.40942549267682,120,113,6,True
103.80825016337131,121,113,7,True
104.29871985687107,121,114,6,True
104.3389838453548,121,115,5,True
104.36377382910644,121,116,4,True
105.60197964517708,121,117,3,True
106.03223841541035,121,118,2,True
106.43626914964058,121,119,1,True
107.74238734396332,121,120,0,True
108.11102232410116,122,120,1,True
108.9353007266301,123,120,2,True
109.39238714840201,123,121,1,True
110.06603371323018,123,122,0,True
110.40034235522819,123,123,0,False
111.04185611564655,124,123,0,True
111.20405112674115,124,124,0,False
112.41862136163977,125,124,0,True
113.84587712410415,125,125,0,False
115.08850832650212,126,125,0,True
115.28984875808963,126,126,0,False
116.11430801016594,127,126,0,True
116.45651029731907,127,127,0,False
117.8262364299472,128,127,0,True
117.88518291480757,129,127,1,True
117.9733794059015,129,128,0,True
118.02048631542321,129,129,0,False
118.24609701209785,130,129,0,True
118.56016614484619,130,130,0,False
118.7339770202758,131,130,0,True
118.80956981506168,131,131,0,False
121.82120729711222,132,131,0,True
122.0226608525144,132,132,0,False
123.01797512377908,133,132,0,True
123.15178883893215,133,133,0,False
123.52674207996255,134,133,0,True
123.58690455575218,134,134,0,False
123.64458405092526,135,134,0,True
123.65201820813266,135,135,0,False
125.25995111263846,136,135,0,True
125.49678760326398,136,136,0,False
125.95258363090639,137,136,0,True
126.13239666082518,138,136,1,True
126.53188129072545,138,137,0,True
126.89631086434704,138,138,0,False
129.06554362996974,139,138,0,True
129.11579378289719,139,139,0,False
129.1735875612696,140,139,0,True
129.30057870315596,141,139,1,True
129.50447643124602,141,140,0,True
129.62690524723286,142,140,1,True
129.66840235314118,143,140,2,True
130.000032946026,143,141,1,True
130.0272971076632,144,141,2,True
130.10181881744393,145,141,3,True
131.0466250515227,145,142,2,True
131.07217679152583,146,142,3,True
131.08027161549165,146,143,2,True
131.24973553761308,146,144,1,True
131.41312360827396,146,145,0,True
132.1398616256929,146,146,0,False
133.75028557004288,147,146,0,True
135.25653017106478,147,147,0,False
136.93802249940768,148,147,0,True
137.8591732942622,148,148,0,False
138.6656341292505,149,148,0,True
138.8581707094294,150,148,1,True
139.39686496770912,150,149,0,True
139.508118497051,150,150,0,False
140.02382331945503,151,150,0,True
140.68326512076732,151,151,0,False
140.7910811958674,152,151,0,True
141.0294574433981,152,152,0,False
141.50122546012977,153,152,0,True
141.73294231661367,154,152,1,True
142.10272828491205,154,153,0,True
142.15102513282872,155,153,1,True
142.26344978899414,156,153,2,True
142.38454706112748,156,154,1,True
142.55309535366092,157,154,2,True
143.06858817673967,157,155,1,True
143.45120758854583,157,156,0,True
143.74819069874675,158,156,1,True
143.85116733365632,158,157,0,True
144.146049878489,159,157,1,True
144.5522924905716,160,157,2,True
144.62891340623386,160,158,1,True
145.05565442108104,160,159,0,True
145.4558417911143,160,160,0,False
145.5104608219915,161,160,0,True
147.42596474869745,161,161,0,False
147.65531452549504,162,161,0,True
148.2912798931589,162,162,0,False
148.84821975339386,163,162,0,True
148.94686649891617,163,163,0,False
149.31172337867733,164,163,0,True
150.18018640062073,164,164,0,False
150.334734584032,165,164,0,True
150.49254476905793,165,165,0,False
153.44057807018862,166,165,0,True
153.46616444834584,166,166,0,False
154.55394185376994,167,166,0,True
154.61822693611632,167,167,0,False
157.01124069224434,168,167,0,True
157.06896014336397,168,168,0,False
158.56290055654458,169,168,0,True
158.68361739656984,169,169,0,False
163.1034315255653,170,169,0,True
163.4888223785432,170,170,0,False
164.2777183234494,171,170,0,True
164.93064445698533,171,171,0,False
164.94761080617067,172,171,0,True
165.68762355162278,173,171,1,True
165.90896408020564,173,172,0,True
165.94966135598517,173,173,0,False
168.42822625939644,174,173,0,True
169.2560668102385,175,173,1,True
169.5509060892538,176,173,2,True
170.13746869512093,177,173,3,True
171.3805185646403,178,173,4,True
172.00080324217998,178,174,3,True
172.3773354462129,179,174,4,True
173.39247438125778,179,175,3,True
174.0228388861267,179,176,2,True
174.6530736539995,180,176,3,True
175.0723828463092,180,177,2,True
175.1490604528372,180,178,1,True
175.32524936538178,181,178,2,True
175.51165149388842,181,179,1,True
175.61926304465968,182,179,2,True
175.84816648809226,183,179,3,True
176.82623028968385,183,180,2,True
177.12226393626673,184,180,3,True
177.25612430234207,185,180,4,True
178.20548123800498,186,180,5,True
178.3414391933876,186,181,4,True
178.685433835874,186,182,3,True
179.01354096393663,186,183,2,True
179.45623609548667,186,184,1,True
179.59353271748725,186,185,0,True
179.71358928817665,186,186,0,False
180.8139118274481,187,186,0,True
182.88527948733045,187,187,0,False
183.21489176876096,188,187,0,True
183.53838177689326,189,187,1,True
183.60745661530828,189,188,0,True
184.88254110222823,190,188,1,True
186.50605299696727,190,189,0,True
186.83010861961804,190,190,0,False
187.0498332976377,191,190,0,True
187.49132828422822,191,191,0,False
188.14534763387067,192,191,0,True
188.46941630734165,193,191,1,True
188.6458961263251,193,192,0,True
188.79056861533323,194,192,1,True
189.36796193159552,194,193,0,True
189.49574472959026,194,194,0,False
192.28357504291026,195,194,0,True
193.07638420816798,195,195,0,False
194.9082568715624,196,195,0,True
194.91674878763487,196,196,0,False
195.45692299612168,197,196,0,True
196.35554777902635,197,197,0,False
197.73033611005854,198,197,0,True
198.06434519297605,199,197,1,True
198.13493294367035,200,197,2,True
198.47631058217542,201,197,3,True
199.2852416688776,202,197,4,True
199.55002229590323,203,197,5,True
199.60859939122147,203,198,4,True
199.97942609973828,204,198,5,True
199.9969989040306,205,198,6,True
200.55457959521215,205,199,5,True
200.56867571604542,205,200,4,True
201.20704129749853,205,201,3,True
201.24640982595423,205,202,2,True
201.4597764822813,205,203,1,True
201.77353873665282,206,203,2,True
201.84918226674222,206,204,1,True
201.99306399569284,206,205,0,True
203.9488341431556,207,205,1,True
204.58367341367776,207,206,0,True
204.6364815538177,207,207,0,False
206.1270222384119,208,207,0,True
206.1329785399883,208,208,0,False
206.29680590986425,209,208,0,True
206.94656713300768,209,209,0,False
212.46590555822252,210,209,0,True
212.70270228108998,210,210,0,False
213.8635546696438,211,210,0,True
213.91947499422346,211,211,0,False
215.42496382463548,212,211,0,True
216.75039781931662,212,212,0,False
217.64196809519873,213,212,0,True
219.1424993976835,213,213,0,False
219.28746182407366,214,213,0,True
219.34399021090076,214,214,0,False
220.11155031777278,215,214,0,True
220.40244240514056,215,215,0,False
220.58001883777803,216,215,0,True
222.06909496446784,216,216,0,False
222.7351308201615,217,216,0,True
222.98669484004503,218,216,1,True
223.514727163312,218,217,0,True
223.70634758639056,218,218,0,False
224.08913496565586,219,218,0,True
224.28259335609812,220,218,1,True
225.07882871226988,220,219,0,True
225.39567541086313,220,220,0,False
225.46635716421312,221,220,0,True
225.52935072963,221,221,0,False
226.8464349744693,222,221,0,True
226.93106218860862,222,222,0,False
231.1194579197909,223,222,0,True
231.47457817551884,224,222,1,True
231.55869765664275,224,223,0,True
231.67402082582376,225,223,1,True
232.04501251327204,225,224,0,True
233.0651346973529,226,224,1,True
233.22914377690435,226,225,0,True
233.94417533470917,227,225,1,True
235.48758324600888,227,226,0,True
235.49577908073653,228,226,1,True
235.60654150350973,228,227,0,True
235.87577117277831,228,228,0,False
238.73189067616477,229,228,0,True
239.04212085240906,230,228,1,True
239.56797226121415,231,228,2,True
240.71415539361055,232,228,3,True
240.78783873369574,233,228,4,True
240.99854446309425,233,229,3,True
241.2976263710701,233,230,2,True
241.47048304040624,233,231,1,True
241.51095436897768,233,232,0,True
241.5279359932289,233,233,0,False
243.42186198237334,234,233,0,True
243.44129733251353,234,234,0,False
243.80317453899016,235,234,0,True
244.0465992661905,235,235,0,False
244.82373755990412,236,235,0,True
245.9963118320651,237,235,1,True
246.3504135551992,237,236,0,True
246.71964017337862,237,237,0,False
247.08677101855668,238,237,0,True
247.73211843649568,238,238,0,False
247.8873958237277,239,238,0,True
247.92319020486966,239,239,0,False
248.15611574592933,240,239,0,True
248.23297444227984,241,239,1,True
248.3289592717539,241,240,0,True
248.3685023928632,241,241,0,False
248.69040049001723,242,241,0,True
249.69326979172442,242,242,0,False
250.2301659157259,243,242,0,True
250.30198906206297,243,243,0,False
250.31633844153285,244,243,0,True
250.6300466799408,245,243,1,True
251.3345838344808,246,243,2,True
251.94930746558498,247,243,3,True
252.4028270325994,247,244,2,True
253.0938577921179,247,245,1,True
253.22254178392575,248,245,2,True
253.41105442487293,249,245,3,True
254.4436604427396,250,245,4,True
254.619520787361,250,246,3,True
254.873418984515,251,246,4,True
255.09606849781056,251,247,3,True
255.456836099907,251,248,2,True
256.24287290653575,251,249,1,True
256.66966539600844,251,250,0,True
256.8006232352253,251,251,0,False
259.01793734457726,252,251,0,True
259.03102872305175,252,252,0,False
260.57767378887644,253,252,0,True
260.6414265636749,253,253,0,False
260.7739228990768,254,253,0,True
261.1473479979868,255,253,1,True
261.3826215462813,255,254,0,True
261.75925573773264,256,254,1,True
261.78341543824183,257,254,2,True
261.79977233006696,257,255,1,True
263.98996174308036,258,255,2,True
264.5037476833233,258,256,1,True
264.674525450115,259,256,2,True
264.77912027881985,259,257,1,True
265.13655920583517,259,258,0,True
265.78552546763035,259,259,0,False
266.9452641749307,260,259,0,True
267.37602627094844,261,259,1,True
268.3245050373749,261,260,0,True
269.086704378902,261,261,0,False
269.3017939865038,262,261,0,True
269.98606825097613,262,262,0,False
271.06737757101115,263,262,0,True
271.0771228240491,263,263,0,False
271.44069934456536,264,263,0,True
271.5910650103139,264,264,0,False
271.76933867499105,265,264,0,True
272.0267806957585,266,264,1,True
272.0508147879277,266,265,0,True
272.2861150570908,266,266,0,False
272.6230329190068,267,266,0,True
272.99699440754944,267,267,0,False
273.2738646415353,268,267,0,True
273.4545644492483,268,268,0,False
274.24407264520147,269,268,0,True
275.0279507045955,269,269,0,False
275.8017910191846,270,269,0,True
275.954904986403,270,270,0,False
276.7937920649709,271,270,0,True
276.8414532362486,272,270,1,True
277.41175480407423,273,270,2,True
277.70843846472076,273,271,1,True
277.90685612318214,273,272,0,True
278.36242174115745,274,272,1,True
279.1325026305289,274,273,0,True
279.25900277228595,274,274,0,False
279.6576231532791,275,274,0,True
280.0554831989289,275,275,0,False
283.0105546651318,276,275,0,True
283.5424809405008,276,276,0,False
284.43247603975726,277,276,0,True
285.0253772668332,278,276,1,True
285.12243876658715,279,276,2,True
285.3705239687406,280,276,3,True
286.03387197692217,281,276,4,True
286.0817126976463,281,277,3,True
286.62067355664055,282,277,4,True
286.6225184947307,282,278,3,True
287.63606808749955,282,279,2,True
287.9393572914864,283,279,3,True
288.34688595505446,283,280,2,True
290.7569605326863,283,281,1,True
290.79971288265494,284,281,2,True
291.6270165657661,284,282,1,True
291.97043945303807,284,283,0,True
292.06659597068904,284,284,0,False
292.7463664638423,285,284,0,True
293.3074823062655,285,285,0,False
295.33667606071714,286,285,0,True
295.4433533098251,286,286,0,False
295.77474527446776,287,286,0,True
296.34905286870674,288,286,1,True
296.4026359790596,289,286,2,True
296.44019322353876,289,287,1,True
296.9582485349143,289,288,0,True
297.1530033569058,289,289,0,False
300.55785521969,290,289,0,True
300.587319375029,291,289,1,True
300.889684025686,291,290,0,True
301.3924012698398,292,290,1,True
301.9869220168094,292,291,0,True
302.19946539806347,293,291,1,True
302.8749666809213,294,291,2,True
302.97689190915554,294,292,1,True
303.44823023179873,294,293,0,True
304.12986573776755,294,294,0,False
304.3317845836474,295,294,0,True
305.6134577539905,295,295,0,False
308.723774497918,296,295,0,True
309.08248607366,296,296,0,False
312.1689687530354,297,296,0,True
312.2436663787189,297,297,0,False
313.0774880464826,298,297,0,True
313.54583837422933,298,298,0,False
313.9403744939895,299,298,0,True
314.434215972171,300,298,1,True
315.1717115100221,300,299,0,True
315.70107135130286,300,300,0,False
318.635649386406,301,300,0,True
319.52507330869173,302,300,1,True
319.6102721337906,302,301,0,True
319.9938135765944,302,302,0,False
320.26216330076244,303,302,0,True
320.27841347277547,303,303,0,False
324.19107972299923,304,303,0,True
324.88556787194216,304,304,0,False
326.9510301423173,305,304,0,True
328.50023745112753,306,304,1,True
328.9794167142767,307,304,2,True
329.6136133395384,308,304,3,True
329.64698265499,308,305,2,True
329.71328282724113,309,305,3,True
330.88880064562437,310,305,4,True
331.22717585876825,310,306,3,True
332.8425724261209,310,307,2,True
332.8699395906098,310,308,1,True
333.6363923790801,311,308,2,True
333.78236034966113,312,308,3,True
333.85878828391566,313,308,4,True
334.04649702493634,313,309,3,True
334.45225392581784,313,310,2,True
334.99526016888876,314,310,3,True
335.50262518566,314,311,2,True
335.8694185464896,314,312,1,True
336.48525968468215,314,313,0,True
336.4873439772292,314,314,0,False
338.2660549961483,315,314,0,True
338.4201580078561,315,315,0,False
339.3873335305021,316,315,0,True
339.39566628028854,316,316,0,False
340.435292857067,317,316,0,True
340.5326029024683,318,316,1,True
341.0970584918637,318,317,0,True
342.0648018384538,318,318,0,False
343.13273611490234,319,318,0,True
343.2989454575571,320,318,1,True
344.7021434557852,321,318,2,True
344.7306486222209,321,319,1,True
345.1224505278033,322,319,2,True
345.78695518154564,323,319,3,True
346.7509909001855,324,319,4,True
346.7609406373444,324,320,3,True
347.07681225064084,325,320,4,True
347.1898654344038,325,321,3,True
347.8985205988652,325,322,2,True
347.90785708981633,325,323,1,True
347.93175516310544,325,324,0,True
348.3400042908463,325,325,0,False
348.470577585379,326,325,0,True
349.4045369690456,327,325,1,True
349.4750330147311,327,326,0,True
349.6050654743609,328,326,1,True
350.557219956961,328,327,0,True
350.83084859796963,328,328,0,False
352.9777855650784,329,328,0,True
353.4113998410403,329,329,0,False
353.5670911773001,330,329,0,True
353.7986290014104,330,330,0,False
353.9924847421168,331,330,0,True
354.1951354667338,332,330,1,True
354.2308409136146,332,331,0,True
354.25496258542455,333,331,1,True
354.45568942366276,333,332,0,True
354.7147319469275,333,333,0,False
356.4255651543681,334,333,0,True
356.60556028663683,334,334,0,False
357.9802194187521,335,334,0,True
358.3251504835754,335,335,0,False
359.4115802627982,336,335,0,True
360.1862999520417,336,336,0,False
360.57369086254863,337,336,0,True
360.8163273251259,337,337,0,False
361.4279234328782,338,337,0,True
362.7860421271261,339,337,1,True
363.36347872327514,339,338,0,True
363.76703140768785,339,339,0,False
364.00747987296563,340,339,0,True
364.7407291110953,341,339,1,True
364.7853931244207,341,340,0,True
364.9203272350637,342,340,1,True
365.02180551082483,342,341,0,True
365.0912536683604,343,341,1,True
365.1922028074647,344,341,2,True
365.28492021625937,345,341,3,True
365.5007436896721,346,341,4,True
365.75122681876485,346,342,3,True
365.86848482007844,346,343,2,True
365.9766473743356,347,343,3,True
366.7431787379334,347,344,2,True
366.75048479584336,348,344,3,True
370.15267272984,348,345,2,True
370.16424858416974,349,345,3,True
370.6308573611308,349,346,2,True
370.71067993118777,349,347,1,True
370.8005549759435,350,347,2,True
371.80989800623104,350,348,1,True
372.248961407851,350,349,0,True
373.3022955941316,350,350,0,False
374.32694182682803,351,350,0,True
374.34088054029695,351,351,0,False
381.714439070035,352,351,0,True
381.78522557279604,352,352,0,False
383.22631284987,353,352,0,True
383.2626465413628,353,353,0,False
383.5699905301897,354,353,0,True
383.83738064663333,354,354,0,False
384.6283634558485,355,354,0,True
384.6727554926941,355,355,0,False
385.0779130128159,356,355,0,True
385.19939008832034,357,355,1,True
385.2395675443287,357,356,0,True
385.5602696725262,357,357,0,False
386.8837007570338,358,357,0,True
386.9490547700293,358,358,0,False
387.4567682364215,359,358,0,True
387.4578730822225,360,358,1,True
387.5679224941702,361,358,2,True
387.5873723776526,361,359,1,True
387.5885298327924,361,360,0,True
387.9067179146938,361,361,0,False
388.76307449848605,362,361,0,True
389.06165011678405,363,361,1,True
389.2300409072138,363,362,0,True
389.8665147591989,364,362,1,True
390.44830905664963,364,363,0,True
390.4924306439676,365,363,1,True
390.6440783151492,366,363,2,True
390.8398444148786,366,364,1,True
391.275763833682,367,364,2,True
391.85879981238924,368,364,3,True
392.3859450140697,368,365,2,True
392.58778423733145,369,365,3,True
392.9874253118958,370,365,4,True
393.03252300415767,371,365,5,True
394.3035767475511,371,366,4,True
394.7643277711941,371,367,3,True
394.85960680395004,371,368,2,True
394.9181116189111,371,369,1,True
395.13351125007677,372,369,2,True
395.36340377425444,372,370,1,True
395.38409722002643,372,371,0,True
395.4326363274287,372,372,0,False
396.7030401649038,373,372,0,True
396.77747042573156,373,373,0,False
396.87298665883606,374,373,0,True
396.9294795360362,375,373,1,True
397.5380010432447,375,374,0,True
398.83756315926405,376,374,1,True
399.21700558258016,376,375,0,True
399.22353663264164,376,376,0,False
403.83406437543385,377,376,0,True
403.9783739090474,377,377,0,False
404.56829292627356,378,377,0,True
404.6148965784519,378,378,0,False
408.6827085985991,379,378,0,True
409.36641285673306,380,378,1,True
410.92013978978696,380,379,0,True
411.364282866509,381,379,1,True
412.1194185571648,382,379,2,True
412.3016107150543,382,380,1,True
412.60818681467816,383,380,2,True
413.20667902401857,384,380,3,True
413.6394768771121,384,381,2,True
414.3134603103459,384,382,1,True
414.76983428634986,384,383,0,True
415.10317218539143,384,384,0,False
415.6893471679836,385,384,0,True
415.90990381385836,386,384,1,True
415.9176575615624,386,385,0,True
415.92053691876924,387,385,1,True
415.938821172777,388,385,2,True
416.1247062800617,388,386,1,True
416.18911691294016,389,386,2,True
418.32913645647216,389,387,1,True
418.6623646439513,390,387,2,True
419.06274290768124,391,387,3,True
419.9318791892062,391,388,2,True
420.69803175581666,391,389,1,True
420.72797559447315,391,390,0,True
420.90288246337684,391,391,0,False
422.04622076834056,392,391,0,True
422.2234343227221,393,391,1,True
422.3420345284776,394,391,2,True
422.76707720085756,394,392,1,True
422.77105530375695,394,393,0,True
422.79456864253666,394,394,0,False
423.7726315542837,395,394,0,True
424.12225574387537,396,394,1,True
425.0726737393933,396,395,0,True
426.0978141810709,396,396,0,False
426.8118140579816,397,396,0,True
427.2396449863973,398,396,1,True
427.4119263048373,399,396,2,True
427.4895335234395,400,396,3,True
427.577821555311,400,397,2,True
427.6478553421059,400,398,1,True
427.7840449604912,400,399,0,True
428.2957239733172,400,400,0,False
428.92386652805584,401,400,0,True
428.9501926458789,401,401,0,False
430.00340430957607,402,401,0,True
430.04819995113616,402,402,0,False
430.2077111236413,403,402,0,True
430.2625921358633,403,403,0,False
432.5442302362882,404,403,0,True
433.85912565639313,405,403,1,True
434.9349282855512,405,404,0,True
435.0339559644332,406,404,1,True
435.1290545728479,406,405,0,True
435.9178543931849,406,406,0,False
436.16352565016496,407,406,0,True
437.11679890717977,407,407,0,False
437.7674645044536,408,407,0,True
437.787068514779,409,407,1,True
438.87350230593813,409,408,0,True
438.9630165544017,410,408,1,True
439.5254170983223,410,409,0,True
439.60946416228614,410,410,0,False
441.0249713162294,411,410,0,True
441.66518582163184,412,410,1,True
441.773713828998,412,411,0,True
441.8821485086262,412,412,0,False
442.32087555580677,413,412,0,True
443.0301112648918,414,412,1,True
443.1392248424244,415,412,2,True
443.28286889360567,415,413,1,True
443.90627720762814,415,414,0,True
444.24746636078106,415,415,0,False
450.60989968552406,416,415,0,True
452.4765610592007,417,415,1,True
452.7838355281459,417,416,0,True
452.83183843031065,417,417,0,False
454.0221342220753,418,417,0,True
454.7716225629408,418,418,0,False
456.2070189294732,419,418,0,True
456.66481841493624,419,419,0,False
457.66803782150674,420,419,0,True
457.81773609261967,421,419,1,True
457.88509419695777,421,420,0,True
458.2490009073723,421,421,0,False
459.9821094895891,422,421,0,True
460.3424561295263,423,421,1,True
460.45903656358024,423,422,0,True
460.6921499613396,423,423,0,False
461.03455285880955,424,423,0,True
461.0723359887823,424,424,0,False
463.0285852695453,425,424,0,True
463.1533920100517,425,425,0,False
463.4129987497477,426,425,0,True
464.5090856896534,427,425,1,True
464.70911228172184,427,426,0,True
465.3811511606211,428,426,1,True
465.55999883617665,429,426,2,True
466.15743942908944,429,427,1,True
466.22815404813787,430,427,2,True
466.5771024749609,430,428,1,True
467.72787195836025,430,429,0,True
467.87491831654364,430,430,0,False
469.72136279973046,431,430,0,True
469.8328467487049,431,431,0,False
470.18447029858663,432,431,0,True
470.3304685648054,432,432,0,False
470.65213366386195,433,432,0,True
470.7274937356467,433,433,0,False
471.55055134353404,434,433,0,True
471.69938211440393,434,434,0,False
471.7946875303559,435,434,0,True
473.4873733761332,436,434,1,True
474.4686695205887,436,435,0,True
474.51239183604645,436,436,0,False
475.6280445539855,437,436,0,True
475.83182225616656,437,437,0,False
476.0959607286995,438,437,0,True
477.04270742890634,439,437,1,True
477.0489099228736,440,437,2,True
477.26217104948955,440,438,1,True
477.3856469012739,441,438,2,True
478.3875324441106,441,439,1,True
478.66941522628366,441,440,0,True
479.08756635544233,441,441,0,False
483.06068304173584,442,441,0,True
483.6818784489973,442,442,0,False
483.6877520304913,443,442,0,True
484.79643624900046,443,443,0,False
485.90171365561724,444,443,0,True
486.0422438452787,444,444,0,False
486.69430667871603,445,444,0,True
486.7684320884087,445,445,0,False
486.8697776851824,446,445,0,True
487.2376132312117,447,445,1,True
487.2922302425923,447,446,0,True
487.328697028826,448,446,1,True
487.7916053806159,448,447,0,True
488.6638708175691,448,448,0,False
488.66980189179367,449,448,0,True
488.92211566872044,449,449,0,False
489.44245649029443,450,449,0,True
489.59050556109594,450,450,0,False
489.70470959144393,451,450,0,True
489.9638287239201,451,451,0,False
492.55217290602917,452,451,0,True
492.90981519853403,452,452,0,False
493.43440658740104,453,452,0,True
493.9454555900821,453,453,0,False
494.81168693810565,454,453,0,True
495.23590334405316,455,453,1,True
496.55087837194463,456,453,2,True
496.7576410995863,456,454,1,True
496.95533304442944,457,454,2,True
497.10481792465964,458,454,3,True
497.25019891506344,459,454,4,True
497.9996565003103,460,454,5,True
498.08511118344217,461,454,6,True
498.13557030393815,461,455,5,True
498.40831183354,462,455,6,True
498.65623618780825,462,456,5,True
498.7117272984866,463,456,6,True
499.4943693683526,464,456,7,True
500.14124942790517,465,456,8,True
500.4193199097204,465,457,7,True
500.88581854740266,466,457,8,True
501.2469087875492,467,457,9,True
501.2649265492465,467,458,8,True
502.65758796315157,468,458,9,True
502.9647526595998,468,459,8,True
503.4467380593683,468,460,7,True
503.6090926622329,468,461,6,True
503.8276785974121,468,462,5,True
504.6986513386861,469,462,6,True
504.8998784741799,469,463,5,True
505.1631582672646,469,464,4,True
505.1844087254348,469,465,3,True
505.62309203117314,470,465,4,True
505.7889599051205,471,465,5,True
506.38671585962703,472,465,6,True
506.49740537382917,472,466,5,True
506.7008825655635,473,466,6,True
506.7772356093898,473,467,5,True
506.78169811631443,474,467,6,True
506.9993170289799,474,468,5,True
507.40223897960277,474,469,4,True
507.7916860262762,474,470,3,True
508.3829677644007,474,471,2,True
508.67366599186295,474,472,1,True
508.9375069228221,474,473,0,True
508.95059349049654,474,474,0,False
509.28708966047697,475,474,0,True
510.33119730602266,475,475,0,False
510.49872173178767,476,475,0,True
510.8369926821628,476,476,0,False
511.4814968380386,477,476,0,True
511.6042180889794,478,476,1,True
511.7606578232007,479,476,2,True
511.82037079715894,479,477,1,True
512.6657344840412,479,478,0,True
512.9637115761374,479,479,0,False
515.1000099544574,480,479,0,True
515.8250533421229,481,479,1,True
516.0448254375473,481,480,0,True
516.7765456907846,481,481,0,False
517.3680947614032,482,481,0,True
517.3738362617738,483,481,1,True
518.3081132397465,483,482,0,True
518.3398138379696,483,483,0,False
521.6795360719384,484,483,0,True
521.8117516067857,485,483,1,True
522.0122006965828,485,484,0,True
522.0279739768642,486,484,1,True
522.3627732060438,486,485,0,True
522.468488627107,487,485,1,True
522.9549791617022,488,485,2,True
524.2894072509846,488,486,1,True
524.8714537234819,488,487,0,True
525.2036908002123,488,488,0,False
525.96306478334,489,488,0,True
526.572475567938,489,489,0,False
526.8285210499149,490,489,0,True
527.0273674740506,490,490,0,False
527.1197922446687,491,490,0,True
527.1994130433814,492,490,1,True
527.9226555237375,493,490,2,True
528.6486046667077,493,491,1,True
528.90308118872,493,492,0,True
530.0241641143451,493,493,0,False
530.9756313221022,494,493,0,True
531.2233985766163,494,494,0,False
534.1008714273426,495,494,0,True
534.2009698243838,495,495,0,False
534.6306391359088,496,495,0,True
535.1102071381634,496,496,0,False
535.998681131949,497,496,0,True
536.5704112559722,497,497,0,False
537.5339146394925,498,497,0,True
537.6359661321917,498,498,0,False
539.1293920880241,499,498,0,True
540.563715253672,500,498,1,True
540.7685793812169,500,499,0,True
540.9204253693556,500,500,0,False
540.9489097083236,501,500,0,True
541.0767565665824,502,500,1,True
541.1603796535145,502,501,0,True
541.6922007278937,502,502,0,False
542.1709149834113,503,502,0,True
542.7034773125204,503,503,0,False
543.1392907950974,504,503,0,True
543.2076102088924,505,503,1,True
543.7170495651023,506,503,2,True
543.964592193771,507,503,3,True
544.6667818635455,507,504,2,True
545.2067763517935,508,504,3,True
545.5456979117029,509,504,4,True
546.0827506991552,509,505,3,True
546.1148061244508,509,506,2,True
546.1729567480562,510,506,3,True
546.5378965806667,510,507,2,True
546.5428278745258,511,507,3,True
547.184465378394,511,508,2,True
547.2126026829164,512,508,3,True
547.7660179739227,513,508,4,True
548.2602479545857,513,509,3,True
548.4030045718423,514,509,4,True
548.9815773773051,515,509,5,True
549.507589722601,515,510,4,True
549.6764103746706,515,511,3,True
549.9703429763283,516,511,4,True
550.6240343117943,516,512,3,True
551.0036319815492,517,512,4,True
551.339613593927,517,513,3,True
551.9674333795613,517,514,2,True
552.0215201623947,517,515,1,True
552.1322075971963,518,515,2,True
552.2663084750769,518,516,1,True
553.4344318904701,518,517,0,True
554.2274682170327,519,517,1,True
554.5808160376797,519,518,0,True
555.1398723851637,519,519,0,False
557.1615750527521,520,519,0,True
557.6797830957714,520,520,0,False
557.855021632321,521,520,0,True
557.8998585057521,521,521,0,False
558.5910663155659,522,521,0,True
558.9210793205872,523,521,1,True
559.4763734279647,523,522,0,True
560.1470385403613,523,523,0,False
561.1563942056544,524,523,0,True
561.9544388511067,524,524,0,False
562.0960600344131,525,524,0,True
562.7154081625205,526,524,1,True
563.2331365626209,526,525,0,True
563.4161735170431,526,526,0,False
563.4968249818265,527,526,0,True
563.7687308385568,528,526,1,True
563.9788966307128,528,527,0,True
564.5470662904793,528,528,0,False
565.57451112123,529,528,0,True
566.1339635013156,529,529,0,False
567.1757165764069,530,529,0,True
567.341665481584,530,530,0,False
567.4352640112055,531,530,0,True
568.3538890327272,532,530,1,True
569.2014907848101,533,530,2,True
569.218055570768,534,530,3,True
569.4913285660701,534,531,2,True
569.7146098393519,535,531,3,True
571.0309220479747,535,532,2,True
571.3713223242573,535,533,1,True
571.3865840280239,536,533,2,True
571.8526645434312,537,533,3,True
572.0747478487364,537,534,2,True
572.3645817579232,537,535,1,True
572.4565218449267,538,535,2,True
572.5290025252125,538,536,1,True
572.9779206572143,538,537,0,True
573.2456289622912,539,537,1,True
573.3619531963984,540,537,2,True
573.9600956633665,541,537,3,True
575.0277968718559,541,538,2,True
575.4035982162362,542,538,3,True
575.5129428371451,542,539,2,True
575.8371338192898,542,540,1,True
575.9472837002698,542,541,0,True
577.3818780835634,542,542,0,False
578.055829700096,543,542,0,True
578.1030008790135,543,543,0,False
578.613909126046,544,543,0,True
578.8918937381912,544,544,0,False
579.5347840055906,545,544,0,True
580.1757008752179,546,544,1,True
580.4009284388163,546,545,0,True
580.4324322312908,546,546,0,False
582.0603622113885,547,546,0,True
582.3212833575428,547,547,0,False
582.9336391692324,548,547,0,True
583.0891254223783,549,547,1,True
583.2511201466016,549,548,0,True
583.3181635484411,550,548,1,True
583.5881909498687,550,549,0,True
583.7389983238725,551,549,1,True
584.4603133889551,551,550,0,True
584.9235925530264,552,550,1,True
585.2072454372209,552,551,0,True
585.8959137391232,553,551,1,True
586.1387882356215,553,552,0,True
586.3715168824531,553,553,0,False
588.8540032910282,554,553,0,True
588.8690904639508,555,553,1,True
590.2902334144693,555,554,0,True
590.3606788174328,555,555,0,False
591.9074447391191,556,555,0,True
591.9869878074095,556,556,0,False
592.4772982544326,557,556,0,True
592.4896440521779,558,556,1,True
592.4897152783357,559,556,2,True
592.5883843415822,559,557,1,True
592.824008062682,560,557,2,True
592.9526034192172,561,557,3,True
593.7533328174825,561,558,2,True
593.8709983648367,562,558,3,True
594.0886530623412,563,558,4,True
594.4299200107707,564,558,5,True
594.903785060169,564,559,4,True
595.7080456746904,564,560,3,True
596.1895544219775,564,561,2,True
597.4306743656986,564,562,1,True
597.5033382817028,564,563,0,True
598.5350553817175,564,564,0,False
599.4932755647839,565,564,0,True
599.9462882720695,566,564,1,True
600.3099651915207,567,564,2,True
600.4044228453764,567,565,1,True
601.133325363359,568,565,2,True
601.3724064127687,568,566,1,True
602.7394128469973,569,566,2,True
602.8793829778189,569,567,1,True
602.9405880376274,570,567,2,True
603.064001014817,570,568,1,True
603.1984104962554,570,569,0,True
603.2044200037639,570,570,0,False
604.2924574596111,571,570,0,True
604.4512815157601,571,571,0,False
604.6547550583418,572,571,0,True
604.8980260889871,572,572,0,False
605.7800282942399,573,572,0,True
606.372853017105,574,572,1,True
606.4565876554526,574,573,0,True
606.9040414883041,574,574,0,False
607.672260486288,575,574,0,True
608.3704536170812,575,575,0,False
610.8176584719856,576,575,0,True
611.1316994065991,577,575,1,True
611.3032957368711,578,575,2,True
611.7607921835269,578,576,1,True
612.4805195091404,578,577,0,True
613.6711162792766,578,578,0,False
614.1470110159358,579,578,0,True
614.7270927718315,579,579,0,False
615.019755746722,580,579,0,True
617.5015313668158,581,579,1,True
617.5676254674029,582,579,2,True
617.7568328515697,583,579,3,True
618.2044354812625,584,579,4,True
618.6297927084144,585,579,5,True
618.8262685449345,586,579,6,True
619.8237357032812,586,580,5,True
619.9342293049037,587,580,6,True
620.1940823523182,587,581,5,True
620.4848574900146,587,582,4,True
620.9820562579666,587,583,3,True
621.3468806607459,587,584,2,True
622.0554156319544,587,585,1,True
622.1046126790209,588,585,2,True
622.2480036176005,588,586,1,True
623.8730164438067,589,586,2,True
623.9421394902276,590,586,3,True
623.9464990721526,591,586,4,True
624.4784551303103,592,586,5,True
624.5280011833585,592,587,4,True
625.2514066345454,593,587,5,True
625.3927131303351,593,588,4,True
625.7855823909587,594,588,5,True
625.8077912724536,594,589,4,True
626.143200772093,594,590,3,True
626.7151424114998,595,590,4,True
626.7818335100677,596,590,5,True
626.902139809402,597,590,6,True
627.6480810706662,598,590,7,True
627.9577690461272,599,590,8,True
628.4191844162775,599,591,7,True
628.7035567783253,599,592,6,True
628.8560262780542,599,593,5,True
628.9737755830585,599,594,4,True
629.6189922484995,599,595,3,True
629.6870882446244,600,595,4,True
629.7380623991367,600,596,3,True
630.2532410801155,601,596,4,True
630.5002471339816,601,597,3,True
630.8198688396476,601,598,2,True
630.8513109600265,601,599,1,True
631.1520763154703,601,600,0,True
631.5141917289146,601,601,0,False
631.5438678333275,602,601,0,True
631.8168225800429,603,601,1,True
631.956558027745,603,602,0,True
632.8793809422427,603,603,0,False
636.0234488700817,604,603,0,True
636.0859579081651,604,604,0,False
636.1080959183257,605,604,0,True
636.506470899839,605,605,0,False
637.7095361161536,606,605,0,True
637.7673177787104,606,606,0,False
639.3234812511661,607,606,0,True
640.0372557186638,607,607,0,False
640.9928892477215,608,607,0,True
642.1455552580571,608,608,0,False
642.3797945134086,609,608,0,True
643.010504884607,609,609,0,False
644.4730462754343,610,609,0,True
645.1398044130959,610,610,0,False
645.3249958351787,611,610,0,True
645.8252638112557,611,611,0,False
646.725365799634,612,611,0,True
646.9578523267537,612,612,0,False
651.0188898386833,613,612,0,True
651.1979251482223,614,612,1,True
652.0919523224084,614,613,0,True
652.4675238371195,615,613,1,True
652.5987377942541,616,613,2,True
652.971355586835,616,614,1,True
653.1595599653575,617,614,2,True
653.1996803178038,617,615,1,True
653.3609020972202,618,615,2,True
653.3964085974507,618,616,1,True
653.8659454003792,618,617,0,True
654.0984284211183,618,618,0,False
654.7303296752625,619,618,0,True
654.8840706563719,619,619,0,False
656.5331339419251,620,619,0,True
656.9441784968749,620,620,0,False
657.7416032304636,621,620,0,True
658.040276576275,622,620,1,True
658.1120758967185,622,621,0,True
658.5942271594705,622,622,0,False
659.4414024910571,623,622,0,True
660.1308236343143,623,623,0,False
661.3329233247973,624,623,0,True
662.6076412823642,625,623,1,True
663.0495245017121,625,624,0,True
663.5838901064326,626,624,1,True
663.9076289382023,627,624,2,True
664.1104206722928,627,625,1,True
664.2963947041593,628,625,2,True
664.6826301562464,629,625,3,True
664.984026647653,629,626,2,True
665.0629286281668,630,626,3,True
666.4016876606636,630,627,2,True
666.667365318546,630,628,1,True
666.7547802938359,631,628,2,True
667.0713694001108,631,629,1,True
667.1371336256567,631,630,0,True
667.9877239783215,631,631,0,False
668.4982035683627,632,631,0,True
668.623293250117,632,632,0,False
670.451818631639,633,632,0,True
670.6273215410682,634,632,1,True
670.6278057690457,635,632,2,True
670.6602778024552,636,632,3,True
670.8791226272654,636,633,2,True
671.0571849480779,637,633,3,True
671.0933390128621,638,633,4,True
671.9041584436518,638,634,3,True
672.4307616052708,639,634,4,True
672.8597182377554,640,634,5,True
673.3957758126602,640,635,4,True
673.4067124813947,640,636,3,True
673.4933108792713,640,637,2,True
673.6838263967115,640,638,1,True
674.0532789423733,640,639,0,True
674.1970773903257,641,639,1,True
674.8787494754755,641,640,0,True
675.1958785835914,641,641,0,False
675.9366020504884,642,641,0,True
676.4162484800872,642,642,0,False
679.9517774960387,643,642,0,True
680.4802580359238,643,643,0,False
680.4843203051495,644,643,0,True
681.6336389456975,644,644,0,False
685.9443593169195,645,644,0,True
686.3040910501433,645,645,0,False
687.0479042519478,646,645,0,True
687.4950674429344,647,645,1,True
688.0837656572428,648,645,2,True
688.6890242965836,648,646,1,True
688.8619916934035,649,646,2,True
689.2603525278555,649,647,1,True
690.0607695883288,649,648,0,True
690.2000929184426,650,648,1,True
690.4246884997463,650,649,0,True
690.8040640001188,650,650,0,False
692.7681668580138,651,650,0,True
692.9475461122905,651,651,0,False
693.745311235615,652,651,0,True
694.0580396113173,653,651,1,True
694.9529376832879,654,651,2,True
694.9686230017842,654,652,1,True
694.9905787281333,654,653,0,True
695.1760065710481,654,654,0,False
695.3524094995829,655,654,0,True
696.1330243781423,655,655,0,False
696.7577409206746,656,655,0,True
696.9342874509564,656,656,0,False
697.7528571938483,657,656,0,True
698.1268178882675,657,657,0,False
698.6813576211445,658,657,0,True
698.7073201087588,658,658,0,False
698.8386664524371,659,658,0,True
698.9833348834612,659,659,0,False
699.1808014849762,660,659,0,True
699.5459696995375,660,660,0,False
699.7507284595091,661,660,0,True
699.890373424191,662,660,1,True
700.1225766819339,662,661,0,True
700.4021234094711,662,662,0,False
702.7805419315247,663,662,0,True
703.3158891102534,663,663,0,False
704.7647846253577,664,663,0,True
704.8560431852591,664,664,0,False
705.6018423205323,665,664,0,True
705.9337140075888,665,665,0,False
707.2803246996219,666,665,0,True
707.712834613721,667,665,1,True
707.7196982031239,667,666,0,True
707.7261779476761,668,666,1,True
707.8402542723571,669,666,2,True
708.8179656190894,670,666,3,True
709.188984978217,671,666,4,True
709.5210491524417,671,667,3,True
709.6320675514736,671,668,2,True
711.4387711131998,671,669,1,True
712.4841689476074,672,669,2,True
712.8001334947352,673,669,3,True
712.9117668764005,674,669,4,True
713.9747121951227,675,669,5,True
714.1961751221446,675,670,4,True
714.2805646067991,676,670,5,True
714.4575487090116,676,671,4,True
715.6333657869582,677,671,5,True
715.8703162929571,677,672,4,True
716.5633203858094,678,672,5,True
716.685469833558,679,672,6,True
716.9654121241906,679,673,5,True
717.0572265621631,679,674,4,True
717.1368393527691,679,675,3,True
717.3404022885384,679,676,2,True
717.8400534336517,679,677,1,True
717.9617000921392,679,678,0,True
719.189465784562,680,678,1,True
719.4417411788271,681,678,2,True
719.6797278258092,681,679,1,True
721.3441498634254,681,680,0,True
721.5871447232012,682,680,1,True
721.723281082441,682,681,0,True
722.8331454340287,682,682,0,False
723.8342330300635,683,682,0,True
724.1822885916727,683,683,0,False
725.5116382453419,684,683,0,True
725.8430809074199,685,683,1,True
726.2799622776735,685,684,0,True
726.927230477711,685,685,0,False
729.5603144220202,686,685,0,True
730.1244380109191,687,685,1,True
730.8050910768332,687,686,0,True
730.9944137604266,687,687,0,False
731.1942745536627,688,687,0,True
731.4387270072718,688,688,0,False
732.6284021396735,689,688,0,True
733.9843855410545,689,689,0,False
736.7283350635659,690,689,0,True
736.7579711926913,691,689,1,True
736.9413684710042,692,689,2,True
737.1324768383688,693,689,3,True
737.1947055297273,693,690,2,True
737.4437651305709,693,691,1,True
737.7034102860601,693,692,0,True
739.5106984599348,693,693,0,False
740.4702242409105,694,693,0,True
740.9017033188566,695,693,1,True
740.933249418317,696,693,2,True
740.9978807739018,696,694,1,True
741.0319011107965,697,694,2,True
741.1614125395324,697,695,1,True
741.2999881508391,698,695,2,True
741.5660299561971,698,696,1,True
741.7529409594191,698,697,0,True
742.2057271686914,699,697,1,True
742.3310458907929,699,698,0,True
742.7664147008018,700,698,1,True
743.5174267570118,700,699,0,True
743.5327483912113,701,699,1,True
743.9840362899765,701,700,0,True
744.0159106707576,702,700,1,True
744.3807820083163,703,700,2,True
744.4296379711459,703,701,1,True
744.6684876787501,704,701,2,True
745.0069970806467,704,702,1,True
745.074704656201,705,702,2,True
745.2654300721292,705,703,1,True
746.0375465946291,705,704,0,True
746.3760482502926,705,705,0,False
748.2675100373262,706,705,0,True
749.0065526121235,706,706,0,False
750.0669878365767,707,706,0,True
750.9022676961641,708,706,1,True
750.9602655655308,709,706,2,True
751.6768637353254,710,706,3,True
751.7628559116263,711,706,4,True
752.7055350171829,711,707,3,True
752.8097191384053,711,708,2,True
752.8573147569336,711,709,1,True
754.3981952338896,711,710,0,True
754.7827859733211,711,711,0,False
755.1809467509296,712,711,0,True
755.6618546467579,712,712,0,False
755.7661469402653,713,712,0,True
756.6386446983205,714,712,1,True
757.2815430907723,715,712,2,True
757.3948471284526,716,712,3,True
757.535308489464,716,713,2,True
757.710607418407,716,714,1,True
759.5530608949853,716,715,0,True
759.5859767897667,716,716,0,False
760.3233277513076,717,716,0,True
760.8846270951211,718,716,1,True
761.6850192828266,718,717,0,True
762.8690172443745,718,718,0,False
765.2185917684595,719,718,0,True
765.3047794293002,719,719,0,False
765.3543619365661,720,719,0,True
765.616727792713,720,720,0,False
768.8567990440382,721,720,0,True
769.4552349959281,721,721,0,False
769.7405063850158,722,721,0,True
770.9285388973875,722,722,0,False
770.9707134104877,723,722,0,True
771.7635827539707,723,723,0,False
772.8892320050053,724,723,0,True
773.4546702811093,724,724,0,False
774.2090112084518,725,724,0,True
774.5403967838115,725,725,0,False
774.9625244032701,726,725,0,True
775.4645675470405,727,725,1,True
775.6104833922144,727,726,0,True
777.1889434560928,728,726,1,True
777.1984692209879,728,727,0,True
777.37282912614,729,727,1,True
777.4412770483765,730,727,2,True
777.6767822988065,731,727,3,True
778.4245302755855,731,728,2,True
778.5238591217311,732,728,3,True
779.7122075712356,732,729,2,True
780.4073993478733,732,730,1,True
780.4468480303285,732,731,0,True
781.4642901205469,732,732,0,False
782.1778103585,733,732,0,True
782.3323047052459,733,733,0,False
782.4295262614837,734,733,0,True
782.4925561883666,734,734,0,False
783.0920156632292,735,734,0,True
783.3609165858684,735,735,0,False
785.1370932597827,736,735,0,True
785.5760871375568,737,735,1,True
785.9387793375159,738,735,2,True
785.9801481877035,738,736,1,True
786.171744210761,738,737,0,True
786.2063711093741,738,738,0,False
786.6567178674572,739,738,0,True
786.9459605152528,740,738,1,True
786.9508560875817,740,739,0,True
787.6562096202333,740,740,0,False
788.2535336892413,741,740,0,True
788.4256214988076,741,741,0,False
790.2465095750898,742,741,0,True
790.7975820562589,742,742,0,False
793.2595698038484,743,742,0,True
794.2515208959574,743,743,0,False
795.5821229435844,744,743,0,True
796.0980270338622,745,743,1,True
797.1988203735804,746,743,2,True
797.3719957392505,747,743,3,True
797.6502839489051,748,743,4,True
797.7010298125635,748,744,3,True
797.8789834250409,749,744,4,True
798.1129676589699,749,745,3,True
798.6755818714032,749,746,2,True
798.6946488039565,749,747,1,True
798.8562925611407,749,748,0,True
799.1253327361565,750,748,1,True
799.6892817508636,750,749,0,True
799.9020086592866,750,750,0,False
800.1409153231104,751,750,0,True
800.3844807982636,751,751,0,False
801.6504160485599,752,751,0,True
802.1390558460168,752,752,0,False
802.5593971831253,753,752,0,True
802.939036082796,753,753,0,False
803.9226867313182,754,753,0,True
805.40918242035,754,754,0,False
807.2765424816031,755,754,0,True
807.7932970649704,756,754,1,True
807.95149970876,757,754,2,True
807.9879550146705,758,754,3,True
808.0255007188855,758,755,2,True
808.9260141459464,758,756,1,True
809.2569480695224,758,757,0,True
809.8943939836797,758,758,0,False
811.079441334574,759,758,0,True
812.3386477747499,759,759,0,False
814.965083814887,760,759,0,True
815.1125922129286,760,760,0,False
815.8721464135572,761,760,0,True
816.9331562845521,761,761,0,False
820.5207432265288,762,761,0,True
821.4677897925311,762,762,0,False
821.4972302372834,763,762,0,True
821.8505110126674,764,762,1,True
822.2661080778846,764,763,0,True
822.9985099135013,765,763,1,True
823.3074356703166,766,763,2,True
823.5878374569241,766,764,1,True
823.6612589537933,766,765,0,True
823.9862973097481,766,766,0,False
825.9993917177933,767,766,0,True
826.0849925593394,768,766,1,True
826.1202145255863,768,767,0,True
826.331894419923,768,768,0,False
829.7620028657593,769,768,0,True
830.2425146682581,769,769,0,False
830.7447947613778,770,769,0,True
830.838575459768,770,770,0,False
831.0893399188559,771,770,0,True
831.3065276425469,771,771,0,False
831.4620605964982,772,771,0,True
831.8676257221082,773,771,1,True
831.9015395704486,773,772,0,True
832.3824209457097,773,773,0,False
833.5529646261517,774,773,0,True
833.8123847468461,775,773,1,True
833.9015898923509,775,774,0,True
834.225974555596,775,775,0,False
835.2485126709314,776,775,0,True
835.5760402581532,776,776,0,False
838.5776359997814,777,776,0,True
838.6170740773927,777,777,0,False
839.1026165960188,778,777,0,True
839.7184429473944,778,778,0,False
840.4831729970558,779,778,0,True
840.807963313079,780,778,1,True
840.8153733032789,781,778,2,True
841.3651721899004,781,779,1,True
841.9207425248253,782,779,2,True
841.9592131954942,782,780,1,True
842.0129538669898,783,780,2,True
842.218402108636,784,780,3,True
842.3397339861034,785,780,4,True
842.4306078499247,785,781,3,True
843.1780283896006,785,782,2,True
843.192885886496,786,782,3,True
843.5610060137476,787,782,4,True
843.8232931614622,787,783,3,True
844.2303233894087,787,784,2,True
844.4867262612921,788,784,3,True
844.7099616918127,788,785,2,True
845.3128332864891,788,786,1,True
845.7598576924643,789,786,2,True
845.976752357281,789,787,1,True
846.2845667660008,789,788,0,True
846.7790609701159,789,789,0,False
847.4017902689432,790,789,0,True
848.0924215316714,790,790,0,False
849.1815529261238,791,790,0,True
849.3786868470845,791,791,0,False
850.6494297544081,792,791,0,True
850.8645020463179,792,792,0,False
851.0466660637636,793,792,0,True
851.1627895109245,794,792,1,True
851.4133761726371,794,793,0,True
852.7290698776362,794,794,0,False
853.320619694752,795,794,0,True
854.2214096582377,796,794,1,True
855.356967759898,797,794,2,True
855.3678405550086,797,795,1,True
855.3869863922625,797,796,0,True
855.7098323894777,798,796,1,True
855.9296802167876,799,796,2,True
856.2182898002461,800,796,3,True
856.2729141222044,800,797,2,True
856.3834949919992,800,798,1,True
856.4454520492014,800,799,0,True
856.497640580281,800,800,0,False
861.1985311073418,801,800,0,True
861.645779302417,802,800,1,True
861.9103789582932,802,801,0,True
862.0510358784735,803,801,1,True
862.1580910911088,804,801,2,True
862.2996143160188,805,801,3,True
862.4415910516497,805,802,2,True
863.8566374993468,805,803,1,True
864.4095982643661,805,804,0,True
864.7903030504643,806,804,1,True
864.8697084246251,807,804,2,True
865.6781677114171,808,804,3,True
866.0430607310553,808,805,2,True
866.8218126158879,809,805,3,True
867.2788152042895,809,806,2,True
867.6819378708989,810,806,3,True
867.8402414691865,810,807,2,True
868.026792296099,811,807,3,True
868.1622804919081,812,807,4,True
868.5737259701224,812,808,3,True
869.0263557048513,812,809,2,True
869.1026624778738,812,810,1,True
869.341110988843,812,811,0,True
869.7569704093936,812,812,0,False
870.1143993534881,813,812,0,True
871.2419797679611,814,812,1,True
872.4524954266778,814,813,0,True
872.8123539284329,815,813,1,True
874.1827166178336,816,813,2,True
874.2586667200386,817,813,3,True
875.4981616894494,818,813,4,True
875.5382345377076,818,814,3,True
875.7899492047239,818,815,2,True
875.9079970738179,818,816,1,True
876.4512403082114,818,817,0,True
876.9832176536056,819,817,1,True
878.5163650564875,820,817,2,True
880.5647261043571,821,817,3,True
880.6001074211634,821,818,2,True
880.8831749444116,821,819,1,True
881.5219052602506,821,820,0,True
882.0445055313165,822,820,1,True
882.4033701217456,823,820,2,True
882.4599912514933,824,820,3,True
883.4763035164445,824,821,2,True
883.8095148167264,824,822,1,True
886.8987889756662,824,823,0,True
887.496206095984,824,824,0,False
890.0746571714329,825,824,0,True
890.6250852143726,825,825,0,False
891.1320544995564,826,825,0,True
891.7088547869431,826,826,0,False
894.4186552716621,827,826,0,True
894.5838971408051,828,826,1,True
894.7798819181512,828,827,0,True
895.5460180172364,828,828,0,False
896.5404593273063,829,828,0,True
896.5641606980607,829,829,0,False
897.6812046401901,830,829,0,True
898.062542825315,831,829,1,True
898.5915820299413,832,829,2,True
898.7208329083359,833,829,3,True
898.7923086010217,833,830,2,True
899.0628283512791,834,830,3,True
899.0941538617736,835,830,4,True
899.5459035324208,835,831,3,True
900.5923938264287,836,831,4,True
900.7088823104996,837,831,5,True
901.2915270879444,838,831,6,True
901.4855873919188,838,832,5,True
901.5279678581691,839,832,6,True
901.928233916338,839,833,5,True
902.64132689587,839,834,4,True
902.9912255822081,839,835,3,True
903.115069071774,840,835,4,True
903.1333338835577,840,836,3,True
903.3383157928237,840,837,2,True
903.5801547251335,840,838,1,True
903.5835970467738,840,839,0,True
906.5514747167205,840,840,0,False
907.1528463731073,841,840,0,True
908.1671653479777,841,841,0,False
909.1452892235517,842,841,0,True
909.6786700358485,843,841,1,True
910.2692882603285,844,841,2,True
910.4373962359908,844,842,1,True
911.2942790347668,844,843,0,True
911.3501061267305,844,844,0,False
911.9480794036067,845,844,0,True
912.408191263043,845,845,0,False
915.2179872414904,846,845,0,True
915.8347269734362,846,846,0,False
916.228611496725,847,846,0,True
916.4330492785587,847,847,0,False
920.2564010951154,848,847,0,True
920.9728672109918,849,847,1,True
921.4142974128152,850,847,2,True
921.7392465730607,851,847,3,True
921.8880101016393,851,848,2,True
921.999157830473,851,849,1,True
922.1866168248382,851,850,0,True
922.2198619687991,851,851,0,False
922.2658856894462,852,851,0,True
922.3537125174842,853,851,1,True
922.4068903459333,854,851,2,True
923.5806379632025,854,852,1,True
924.0990441387456,854,853,0,True
924.3580820364966,855,853,1,True
924.961409299952,855,854,0,True
925.418472796133,855,855,0,False
926.0961810198111,856,855,0,True
926.8313461471317,857,855,1,True
926.9950694690809,857,856,0,True
928.1222817684563,857,857,0,False
930.6253772749719,858,857,0,True
930.8667137494086,858,858,0,False
931.3437744292206,859,858,0,True
931.4916135866633,859,859,0,False
932.615363421829,860,859,0,True
932.8008908739442,860,860,0,False
933.3423726013789,861,860,0,True
933.8434349980637,861,861,0,False
934.1602637537385,862,861,0,True
934.3504827270989,862,862,0,False
934.9072965700327,863,862,0,True
935.2047110804876,864,862,1,True
935.6324366733533,865,862,2,True
936.157905254343,865,863,1,True
936.3105170098762,865,864,0,True
936.8394275270915,866,864,1,True
938.2917604780317,867,864,2,True
938.3337230702143,867,865,1,True
939.1705037693173,867,866,0,True
939.4186949022553,867,867,0,False
939.7487945859212,868,867,0,True
940.1551297415349,868,868,0,False
940.4660785260648,869,868,0,True
940.9797420499832,869,869,0,False
941.8521238991673,870,869,0,True
942.1022472012633,870,870,0,False
942.4588850247644,871,870,0,True
944.7896919511896,871,871,0,False
945.3280170397114,872,871,0,True
945.5666693850252,872,872,0,False
946.4307724287355,873,872,0,True
946.5963379122574,873,873,0,False
946.8413723743819,874,873,0,True
947.1022249163333,874,874,0,False
947.9132195111711,875,874,0,True
948.5506698799122,876,874,1,True
949.6807547169251,876,875,0,True
951.1668001863203,876,876,0,False
951.578589531143,877,876,0,True
952.0818094327885,877,877,0,False
952.7185820791619,878,877,0,True
953.3579649192675,878,878,0,False
954.5131331181162,879,878,0,True
955.1140165072821,879,879,0,False
955.228239342275,880,879,0,True
955.8392821080879,880,880,0,False
956.0965971055258,881,880,0,True
956.1210762619893,882,880,1,True
956.2938650381872,882,881,0,True
956.5919775472008,882,882,0,False
956.6274643363076,883,882,0,True
957.4642119111771,884,882,1,True
958.3509544358598,885,882,2,True
959.4400435081399,886,882,3,True
960.6081471229563,886,883,2,True
960.6230946555269,887,883,3,True
960.7252741618763,887,884,2,True
960.7807922851264,887,885,1,True
960.7817129190239,887,886,0,True
961.266327172407,887,887,0,False
961.2732753435001,888,887,0,True
961.9149666995736,889,887,1,True
961.9885701672889,890,887,2,True
962.3346388334232,891,887,3,True
962.5379521141489,892,887,4,True
963.8309250129774,893,887,5,True
963.9304891109883,893,888,4,True
964.2140974508244,894,888,5,True
964.6230770316462,894,889,4,True
964.7672393321926,895,889,5,True
965.311052523106,895,890,4,True
965.7252037564953,896,890,5,True
966.0934430821164,897,890,6,True
966.5193819864062,898,890,7,True
966.7775423055385,898,891,6,True
967.1674321649126,899,891,7,True
967.2725146789502,899,892,6,True
967.3989948461685,900,892,7,True
967.8081321752378,900,893,6,True
968.0083791840776,900,894,5,True
968.7320728324778,901,894,6,True
969.441659627393,901,895,5,True
970.51574566401,902,895,6,True
970.5428159028761,902,896,5,True
971.253494899201,902,897,4,True
971.695878890076,902,898,3,True
971.9095571198203,903,898,4,True
972.4292396561146,903,899,3,True
972.8091906265806,903,900,2,True
972.9310218859599,903,901,1,True
973.8304848414887,904,901,2,True
975.0295786743111,904,902,1,True
975.3292734205951,904,903,0,True
975.6629747130555,904,904,0,False
976.4294719773537,905,904,0,True
977.0160806846062,906,904,1,True
977.4771041471066,906,905,0,True
977.6210600622247,907,905,1,True
977.892711710394,908,905,2,True
978.00360748664,908,906,1,True
978.1665939172303,908,907,0,True
978.464506761252,908,908,0,False
978.7245633108183,909,908,0,True
978.8056234970828,910,908,1,True
978.954472167242,910,909,0,True
979.2211615717692,910,910,0,False
980.9046274190354,911,910,0,True
981.1508410702925,911,911,0,False
987.5087061658286,912,911,0,True
987.5629650756223,913,911,1,True
988.1118336963973,913,912,0,True
988.1320730067525,914,912,1,True
988.392247608545,914,913,0,True
988.5327279841486,914,914,0,False
988.7901269912437,915,914,0,True
988.8867906493743,916,914,1,True
988.9176700995242,916,915,0,True
988.9374042138779,916,916,0,False
990.1798788124969,917,916,0,True
990.3557687589358,918,916,1,True
991.2128662433233,918,917,0,True
991.8080639236736,919,917,1,True
992.0713358198802,919,918,0,True
992.0975092347946,919,919,0,False
992.9178280314344,920,919,0,True
993.2104687553918,920,920,0,False
993.98662194458,921,920,0,True
994.0008355077251,921,921,0,False
994.3665644055862,922,921,0,True
994.7108116858101,922,922,0,False
996.468668386643,923,922,0,True
996.6472890977249,923,923,0,False
996.6894848748661,924,923,0,True
997.1465795031983,925,923,1,True
997.6058424087046,926,923,2,True
998.9692917617651,926,924,1,True
999.0474534542687,927,924,2,True
999.6285639165029,928,924,3,True
999.7883897187767,928,925,2,True
